<?xml version="1.0" encoding="utf-8"?>
<extension type="plugin" version="3.9" group="content" method="upgrade">
    <name>PLG_EASYKEYWORDSITEMAP</name>
    <version>3.4.0-FREE</version>
    <creationDate>2020-06-14</creationDate>
    <license>http://www.gnu.org/licenses/gpl</license>
    <copyright>Copyright 2020 Viktor Vogel. All rights reserved.</copyright>
    <author>Viktor Vogel</author>
    <authoremail>admin@kubik-rubik.de</authoremail>
    <authorurl>https://kubik-rubik.de/</authorurl>
    <description>PLG_EASYKEYWORDSITEMAP_XML_DESCRIPTION</description>
    <files>
        <filename plugin="easykeywordsitemap">easykeywordsitemap.php</filename>
        <filename plugin="easykeywordsitemap">index.html</filename>
        <folder plugin="easykeywordsitemap">src</folder>
    </files>
    <languages>
        <language tag="en-GB">language/en-GB/en-GB.plg_content_easykeywordsitemap.ini</language>
        <language tag="en-GB">language/en-GB/en-GB.plg_content_easykeywordsitemap.sys.ini</language>
        <language tag="de-DE">language/de-DE/de-DE.plg_content_easykeywordsitemap.ini</language>
        <language tag="de-DE">language/de-DE/de-DE.plg_content_easykeywordsitemap.sys.ini</language>
    </languages>
    <scriptfile>src/Script.php</scriptfile>
    <updateservers>
        <server type="extension" priority="1" name="PLG_EASYKEYWORDSITEMAP">https://check.kubik-rubik.de/updates/easykeywordsitemap.xml</server>
    </updateservers>
    <config>
        <fields name="params" addfieldpath="/plugins/content/easykeywordsitemap/src/fields">
            <fieldset name="settings">
                <field type="krDonationCodeCheck"/>
                <field type="krTitle" name="spacer_nosettings" class="text" label="PLG_EASYKEYWORDSITEMAP_SPACER_NOSETTINGS"/>
            </fieldset>
            <fieldset name="donation">
                <field type="krDonationCodeCheck" name="donation"/>
                <field name="donation_code" type="text" default="" size="40" label="KR_DONATION_CODE" description="KR_DONATION_CODE_DESC"/>
                <field type="krProButton" name="easykeywordsitemap"/>
            </fieldset>
        </fields>
    </config>
</extension>
