<?xml version="1.0" encoding="UTF-8"?>
<access component="com_aimysitemap">
  <section name="component">
    <action name="core.manage" title="JACTION_MANAGE"
      description="JACTION_MANAGE_COMPONENT_DESC" />
    <action name="core.admin" title="JACTION_ADMIN"
      description="JACTION_ADMIN_COMPONENT_DESC" />
    <action name="core.edit" title="JACTION_EDIT"
      description="JACTION_EDIT_COMPONENT_DESC" />
    <action name="aimysitemap.crawl"
      title="AIMY_SM_ACL_CRAWL_LBL"
      description="AIMY_SM_ACL_CRAWL_DSC" />
    <action name="aimysitemap.notify"
      title="AIMY_SM_ACL_NOTIFY_LBL"
      description="AIMY_SM_ACL_NOTIFY_DSC" />
    <action name="aimysitemap.write"
      title="AIMY_SM_ACL_WRITE_LBL"
      description="AIMY_SM_ACL_WRITE_DSC" />
  </section>
</access>

<!-- vim: set ft=xml sts=2 sw=2 ts=2 ai et: -->
